[
    {
      "amount": 0.256,
      "crypto_currency_symbol": "BTC",
      "transaction_date": "2024-08-10T00:00:00Z"
    },
    {
      "amount": 1.5,
      "crypto_currency_symbol": "ETH",
      "transaction_date": "2024-08-11T00:00:00Z"
    },
    {
      "amount": 50,
      "crypto_currency_symbol": "XRP",
      "transaction_date": "2024-08-12T00:00:00Z"
    },
    {
      "amount": 0.034,
      "crypto_currency_symbol": "BTC",
      "transaction_date": "2024-08-13T00:00:00Z"
    },
    {
      "amount": 3.2,
      "crypto_currency_symbol": "ADA",
      "transaction_date": "2024-08-14T00:00:00Z"
    },
    {
      "amount": 0.78,
      "crypto_currency_symbol": "LTC",
      "transaction_date": "2024-08-15T00:00:00Z"
    },
    {
      "amount": 25,
      "crypto_currency_symbol": "DOGE",
      "transaction_date": "2024-08-16T00:00:00Z"
    },
    {
      "amount": 10.75,
      "crypto_currency_symbol": "SOL",
      "transaction_date": "2024-08-17T00:00:00Z"
    },
    {
      "amount": 0.15,
      "crypto_currency_symbol": "BTC",
      "transaction_date": "2024-08-18T00:00:00Z"
    },
    {
      "amount": 5.4,
      "crypto_currency_symbol": "ETH",
      "transaction_date": "2024-08-19T00:00:00Z"
    }
  ]